<item>
<title>[B][COLORsilver]**********************************[/COLOR][/B]</title>
</item>
<dir>
<title>[COLORcyan]Main Menu[/COLOR]</title>
<link>https://pastebin.com/raw/e1dTy6A5</link>
</dir>
<item>
<title>[COLORcyan]Apply Youtube Api's[/COLOR]</title>
<ytapi>titleforyouapigoeshere/AIzaSyCJQTNtm1rTl5tmmDjlj4cprgIzyC1JyRc/261327353133-8487ig2s7uuopu85p17bj2qsf0ovb7cd.apps.googleusercontent.com/k95xoNC0UI128KUODAtkW8wx</ytapi>
</item>
<item>
<title>[B][COLORsilver]**********************************[/COLOR][/B]</title>
</item>






