<xml>
<?xml version="1.0" encoding="UTF-8"?>
<?xml-stylesheet href="hide-it.xsl" type="text/xsl"?>

<layouttype>Fuck Off You Nosey Cunt</layouttype>

<!----   DO NOT EDIT ABOVE THIS LINE!!!  BASIC OBFUSCATION METHODS!!!-->

 
<dir>
    <title>[COLORcyan]Movie Years[/COLOR]</title>
    <link>file://movie-years.xml</link>
  </dir> 
  <dir>
    <title>[COLORcyan]Out Now[/COLOR]</title>
    <tmdb>movies/now_playing</tmdb>
    <summary>Movies Currently In Theaters</summary>
  </dir>  
  
  <dir>
    <title>[COLORcyan]Kids[/COLOR]</title>
    <link>file://kids_boxset.xml</link>
	</dir>

  <dir>
    <title>[COLORcyan]Searc Trakt[/COLOR]</title>
    <trakt>search</trakt>
  </dir>

  <dir>
    <title>[COLORcyan]Search Tmdb[/COLOR]</title>
    <tmdb>search</tmdb>
  </dir>
  
